<?xml version="1.0" encoding="UTF-8" ?>
<!DOCTYPE mapper PUBLIC "-//mybatis.org//DTD Mapper 3.0//EN" "http://mybatis.org/dtd/mybatis-3-mapper.dtd" >
<mapper namespace="com.ectrip.mapper.EmppushMapper" >
  <resultMap id="BaseResultMap" type="com.ectrip.model.Emppush" >
    <result column="pid" property="pid" jdbcType="INTEGER" />
    <result column="employeeid" property="employeeid" jdbcType="INTEGER" />
    <result column="pushstatus" property="pushstatus" jdbcType="INTEGER" />
    <result column="source" property="source" jdbcType="INTEGER" />
    <result column="byisuse" property="byisuse" jdbcType="INTEGER" />
    <result column="sznote" property="sznote" jdbcType="VARCHAR" />
    <result column="dtmakedate" property="dtmakedate" jdbcType="VARCHAR" />
  </resultMap>

  <sql id="Base_Column_List" >
    pid, employeeid, pushstatus,source,byisuse, sznote, dtmakedate
  </sql>

  <select id="selectById" resultMap="BaseResultMap" parameterType="java.lang.Integer" >
    select
    <include refid="Base_Column_List" />
    from emppush
    where pid = #{pid}
  </select>

  <select id="selectByParams" resultMap="BaseResultMap" parameterType="com.ectrip.model.Emppush" >
    select
    <include refid="Base_Column_List" />
    from emppush
    <where>
      <if test="pid != null">
        AND pid=#{pid}
      </if>
      <if test="employeeid != null">
        AND employeeid=#{employeeid}
      </if>
      <if test="pushstatus != null">
        AND pushstatus=#{pushstatus}
      </if>
      <if test="source != null">
        AND source=#{source}
      </if>
      <if test="byisuse != null">
        AND byisuse=#{byisuse}
      </if>
      <if test="sznote != null and sznote!=''">
        AND sznote=#{sznote}
      </if>
      <if test="dtmakedate != null and dtmakedate!=''">
        AND dtmakedate=#{dtmakedate}
      </if>
    </where>

  </select>


  <insert id="insertSelective" parameterType="com.ectrip.model.Emppush" >
    insert into emppush
    <trim prefix="(" suffix=")" suffixOverrides="," >
      <if test="pid != null" >
        pid,
      </if>
      <if test="employeeid != null" >
        employeeid,
      </if>
      <if test="pushstatus != null" >
        pushstatus,
      </if>
      <if test="source != null" >
        source,
      </if>
      <if test="byisuse != null" >
        byisuse,
      </if>
      <if test="sznote != null and sznote!=''" >
        sznote,
      </if>
      <if test="dtmakedate != null and dtmakedate!=''" >
        dtmakedate,
      </if>
    </trim>
    <trim prefix="values (" suffix=")" suffixOverrides="," >
      <if test="pid != null" >
        #{pid,jdbcType=INTEGER},
      </if>
      <if test="employeeid != null" >
        #{employeeid,jdbcType=INTEGER},
      </if>
      <if test="pushstatus != null" >
        #{pushstatus,jdbcType=INTEGER},
      </if>
      <if test="source != null" >
        #{source,jdbcType=INTEGER},
      </if>
      <if test="byisuse != null" >
        #{byisuse,jdbcType=INTEGER},
      </if>
      <if test="sznote != null and sznote!=''" >
        #{sznote,jdbcType=VARCHAR},
      </if>
      <if test="dtmakedate != null and dtmakedate!=''" >
        #{dtmakedate,jdbcType=VARCHAR},
      </if>
    </trim>
  </insert>

  <update id="updateByExampleSelective" parameterType="com.ectrip.model.Emppush" >
    update emppush
    <set >
      <if test="employeeid != null" >
        employeeid = #{employeeid,jdbcType=INTEGER},
      </if>
      <if test="pushstatus != null" >
        pushstatus = #{pushstatus,jdbcType=INTEGER},
      </if>
      <if test="source != null" >
        source = #{source,jdbcType=INTEGER},
      </if>
      <if test="byisuse != null" >
        byisuse = #{byisuse,jdbcType=INTEGER},
      </if>
      <if test="sznote != null and sznote!=''" >
        sznote = #{sznote,jdbcType=VARCHAR},
      </if>
      <if test="dtmakedate != null and dtmakedate!=''" >
        dtmakedate = #{dtmakedate,jdbcType=VARCHAR},
      </if>
    </set>
    WHERE pid = #{pid,jdbcType=INTEGER}
  </update>


  <update id="updateStatus" parameterType="com.ectrip.model.Emppush" >
    update emppush
    <set >
      <if test="pushstatus != null" >
        pushstatus = #{pushstatus,jdbcType=INTEGER},
      </if>
      <if test="sznote != null and sznote!=''" >
        sznote = #{sznote,jdbcType=VARCHAR},
      </if>
      <if test="dtmakedate != null and dtmakedate!=''" >
        dtmakedate = #{dtmakedate,jdbcType=VARCHAR},
      </if>
    </set>
    where
      employeeid = #{employeeid,jdbcType=INTEGER}
      and source = #{source,jdbcType=INTEGER}
      and byisuse = #{byisuse,jdbcType=INTEGER}
  </update>

</mapper>